City Name,Clouds (%),Humidity (%),Latitude,Longitude,Temp (F),Wind (mph)
Hambantota,0.0,100.0,6.12,81.12,77.64,14.43
Hermanus,0.0,48.0,-34.42,19.24,73.59,6.04
Georgetown,40.0,79.0,6.8,-58.16,85.15,16.11
Vaini,0.0,70.0,15.34,74.49,62.75,4.14
Paris,90.0,75.0,48.86,2.35,41.45,3.36
Chuy,20.0,71.0,-33.69,-53.46,86.37,11.18
Hamilton,75.0,73.0,32.3,-64.78,69.8,17.22
Mitu,80.0,98.0,36.2,46.09,35.52,7.61
Zyryanka,32.0,44.0,65.73,150.89,-27.75,4.36
Itaituba,68.0,97.0,-4.26,-55.99,81.42,2.91
Ponce,8.0,75.0,18.01,-66.61,81.6,12.41
Laguna,90.0,77.0,27.52,-110.01,60.8,9.17
Rikitea,92.0,98.0,-23.12,-134.97,79.22,9.95
Busselton,0.0,100.0,-33.64,115.35,68.1,18.79
Oban,92.0,100.0,56.42,-5.47,43.53,5.59
Thompson,40.0,76.0,55.74,-97.86,-11.21,5.93
Mar del Plata,12.0,31.0,-46.43,-67.52,69.05,19.46
Ust-Tsilma,80.0,81.0,65.44,52.15,3.62,7.38
Tuktoyaktuk,90.0,84.0,69.44,-133.03,-0.41,8.05
Malyye Derbety,92.0,94.0,47.95,44.68,24.59,15.99
Jamestown,8.0,85.0,-33.21,138.6,50.19,4.7
Hongjiang,92.0,100.0,27.21,109.83,33.63,2.57
Bethel,90.0,92.0,60.79,-161.76,6.15,4.7
Port Alfred,0.0,85.0,-33.59,26.89,68.82,4.36
Ushuaia,75.0,75.0,-54.81,-68.31,44.6,38.03
Nanortalik,88.0,100.0,60.14,-45.24,28.77,14.2
Barrow,12.0,84.0,-38.31,-60.23,78.54,9.73
Bluff,8.0,74.0,-23.58,149.07,73.5,9.06
Gamba,8.0,49.0,28.28,88.52,-15.11,4.7
Deputatskiy,8.0,0.0,69.3,139.9,-47.06,2.68
Xiuyan,0.0,58.0,40.29,123.27,2.22,2.57
Barra Patuca,56.0,81.0,15.8,-84.28,81.92,10.07
East London,40.0,73.0,-33.02,27.91,71.6,6.93
Touros,75.0,83.0,-5.2,-35.46,78.8,23.04
Butaritari,76.0,100.0,3.07,172.79,83.22,16.67
Lagoa,0.0,63.0,37.14,-8.45,60.8,5.82
Hobart,40.0,71.0,-42.88,147.33,55.4,9.17
Qaanaaq,0.0,92.0,77.48,-69.36,-16.01,5.26
Ribeira Grande,75.0,88.0,38.52,-28.7,62.6,24.16
Avarua,75.0,74.0,-21.21,-159.78,78.8,13.87
Nikolskoye,75.0,85.0,59.7,30.79,21.2,4.47
Yellowknife,75.0,84.0,62.45,-114.38,-2.21,14.99
Lebu,0.0,45.0,8.96,38.73,44.7,3.69
Cidreira,48.0,73.0,-30.17,-50.22,83.72,15.55
Dhidhdhoo,0.0,100.0,6.88,73.1,80.16,7.72
Puerto Colombia,20.0,62.0,10.99,-74.96,87.8,8.05
Djambala,76.0,94.0,-2.55,14.76,71.61,4.59
Kruisfontein,8.0,81.0,-34.0,24.73,66.3,7.72
Punta Arenas,40.0,49.0,-53.16,-70.91,48.2,32.21
Luoyang,0.0,73.0,34.66,112.42,17.25,2.68
Trelew,0.0,24.0,-43.25,-65.31,79.04,18.68
Albany,75.0,59.0,42.65,-73.75,38.89,18.34
Tasiilaq,0.0,61.0,65.61,-37.64,17.6,5.82
Kodiak,1.0,70.0,39.95,-94.76,45.64,11.41
Yaounde,20.0,69.0,3.87,11.52,80.6,3.36
Torbay,90.0,100.0,47.66,-52.73,35.6,32.21
Nuuk,90.0,92.0,64.17,-51.74,32.0,25.28
Hilo,90.0,67.0,19.71,-155.08,66.92,5.82
Reykjavik,75.0,75.0,64.15,-21.94,41.0,13.87
Atar,8.0,13.0,20.52,-13.05,76.02,6.26
Kungurtug,36.0,26.0,50.6,97.53,-21.77,3.69
Lorengau,56.0,95.0,-2.02,147.27,84.48,16.78
Mataura,88.0,89.0,-46.19,168.86,53.61,6.71
Castro,75.0,45.0,-42.48,-73.76,62.6,9.17
San Cristobal,40.0,43.0,-0.39,-78.55,73.4,12.75
Makaha,40.0,80.0,21.47,-158.22,65.32,4.7
Ponta do Sol,12.0,100.0,-20.63,-46.0,74.45,5.48
Puerto Escondido,5.0,74.0,15.86,-97.07,80.6,6.93
Chapais,40.0,77.0,49.78,-74.86,5.0,10.29
Dikson,32.0,100.0,73.51,80.55,-7.32,33.22
Atuona,76.0,99.0,-9.8,-139.03,81.6,16.67
Miles City,75.0,84.0,46.41,-105.84,35.06,8.05
Yulara,20.0,26.0,-25.24,130.99,73.4,8.05
Progreso,40.0,66.0,-34.68,-56.22,85.12,13.87
Arraial do Cabo,0.0,62.0,-22.97,-42.02,92.48,18.34
Zhigansk,64.0,79.0,66.77,123.37,-18.17,9.95
Puerto Ayora,75.0,58.0,-0.74,-90.35,86.0,16.11
Saint-Philippe,75.0,58.0,45.36,-73.48,26.69,18.34
Carnarvon,0.0,13.0,-30.97,22.13,78.63,12.64
Chokurdakh,8.0,0.0,70.62,147.9,-38.01,2.91
Hitoyoshi,0.0,70.0,32.2,130.77,19.23,1.68
Aklavik,90.0,76.0,68.22,-135.01,-4.01,6.93
San Patricio,92.0,83.0,-26.98,-56.83,83.4,5.03
Pontianak,75.0,88.0,-0.02,109.34,78.8,0.56
Sorong,12.0,100.0,-0.86,131.25,82.59,7.61
Bathsheba,75.0,69.0,13.22,-59.52,82.4,19.46
Baoqing,0.0,66.0,46.32,132.2,-8.94,2.91
Sitka,56.0,40.0,37.17,-99.65,56.9,13.65
Gold Coast,40.0,78.0,-28.0,153.41,75.2,3.36
Clonakilty,75.0,93.0,51.62,-8.87,48.2,6.93
Kalispell,90.0,81.0,48.2,-114.32,35.96,6.93
Victoria,75.0,88.0,5.28,115.24,82.4,5.82
Turbat,0.0,81.0,26.0,63.05,50.19,3.13
Ngunguru,12.0,100.0,-35.62,174.5,64.37,11.18
Bambous Virieux,75.0,83.0,-20.34,57.76,82.4,12.75
Yerbogachen,80.0,62.0,61.28,108.01,0.47,10.4
Wolfen,90.0,93.0,51.66,12.27,36.73,4.7
Cape Town,20.0,72.0,-33.93,18.42,68.0,26.4
Saint-Pierre,90.0,93.0,48.95,4.24,39.22,3.36
New Norfolk,40.0,71.0,-42.78,147.06,55.4,9.17
Vardo,20.0,45.0,39.62,-77.74,50.58,17.22
Vila Velha,75.0,66.0,-3.71,-38.6,86.0,16.11
Salalah,40.0,73.0,17.01,54.1,77.0,3.36
Alofi,92.0,94.0,-19.06,-169.92,77.0,6.93
Port Elizabeth,90.0,63.0,39.31,-74.98,50.22,13.87
Portland,90.0,79.0,45.52,-122.67,42.49,3.36
Margate,40.0,71.0,-43.03,147.26,55.4,9.17
Nhulunbuy,40.0,94.0,-12.18,136.78,80.6,4.25
Nelson Bay,90.0,94.0,-32.72,152.14,68.0,9.17
Canchungo,0.0,29.0,12.07,-16.03,88.66,9.17
Ilulissat,20.0,43.0,69.22,-51.1,12.2,18.34
Rome,0.0,57.0,41.89,12.48,48.76,5.82
Dunedin,0.0,85.0,-45.87,170.5,43.08,2.68
Flinders,90.0,93.0,-34.58,150.85,62.6,4.7
Tall Kayf,90.0,87.0,37.08,41.07,42.8,2.24
Sao Filipe,0.0,84.0,14.9,-24.5,76.47,10.4
Markova,68.0,72.0,52.21,104.21,-11.28,1.9
Tefe,20.0,88.0,-3.35,-64.71,78.8,3.36
Baruun-Urt,0.0,54.0,46.68,113.28,-12.77,9.51
Tiksi,36.0,39.0,71.64,128.87,-25.86,3.02
Mogadishu,20.0,98.0,2.04,45.34,80.07,18.68
Zhuhai,0.0,43.0,40.71,112.04,15.8,13.42
Ariano Irpino,40.0,59.0,41.15,15.09,33.8,4.7
Hithadhoo,92.0,100.0,-0.6,73.08,78.9,5.03
Comodoro Rivadavia,75.0,16.0,-45.87,-67.48,69.8,16.11
Kargasok,76.0,71.0,59.06,80.87,16.71,10.96
Along,0.0,56.0,28.17,94.8,43.8,2.01
Morondava,44.0,71.0,-20.3,44.28,86.64,5.82
Kaitangata,24.0,79.0,-46.28,169.85,52.85,12.08
Nacala,20.0,90.0,-14.56,40.69,84.66,11.63
Bandarbeyla,32.0,100.0,9.49,50.81,76.34,19.13
Saint-Augustin,90.0,69.0,44.83,-0.61,38.21,5.82
Pisco,40.0,30.0,-13.71,-76.2,71.6,10.29
Whitehorse,40.0,75.0,60.72,-135.06,-16.61,5.82
Khatanga,12.0,0.0,71.98,102.47,-35.36,3.13
Kapaa,1.0,83.0,22.08,-159.32,65.1,9.17
Fort Nelson,90.0,77.0,58.81,-122.69,3.2,11.41
Whitianga,44.0,100.0,-36.83,175.7,67.56,16.11
Hasaki,20.0,59.0,35.73,140.83,29.03,5.82
Yar-Sale,76.0,92.0,66.83,70.83,0.87,19.35
Half Moon Bay,90.0,93.0,37.46,-122.43,50.32,21.92
Boulder,40.0,34.0,40.02,-105.27,49.28,10.29
Coos Bay,75.0,92.0,43.37,-124.22,42.08,13.87
Poiana Marului,76.0,83.0,45.6,25.3,16.17,2.91
Souillac,90.0,81.0,45.6,-0.6,38.21,5.82
Adrar,0.0,29.0,27.87,-0.29,62.6,12.75
Abu Samrah,36.0,95.0,35.3,37.18,45.65,14.88
Ahipara,48.0,100.0,-35.17,173.16,59.69,5.26
Bonavista,92.0,92.0,48.65,-53.11,36.24,34.11
Moree,8.0,44.0,-29.46,149.84,80.6,14.99
Havoysund,75.0,93.0,71.0,24.66,40.1,34.45
Panalingaan,0.0,94.0,8.78,117.42,77.91,8.84
Mahebourg,75.0,83.0,-20.41,57.7,82.4,12.75
Kushnarenkovo,76.0,84.0,55.11,55.34,18.42,7.05
Dudinka,76.0,74.0,69.41,86.18,0.06,23.26
Sawtell,75.0,88.0,-30.38,153.1,71.6,5.82
Bilma,36.0,22.0,18.69,12.92,60.32,12.3
Mudanjiang,0.0,23.0,44.58,129.6,-16.46,2.46
La Ronge,90.0,84.0,55.1,-105.3,5.0,10.29
Saskylakh,20.0,0.0,71.97,114.09,-36.26,3.02
Kozelsk,75.0,85.0,54.04,35.77,17.6,6.71
Palamos,0.0,30.0,41.85,3.13,55.4,4.7
Kichera,44.0,78.0,55.93,110.1,-19.61,1.57
Puerto Quijarro,40.0,59.0,-19.0,-57.72,92.28,10.29
Mayo,90.0,75.0,63.59,-135.9,-20.21,3.36
Dotnuva,90.0,85.0,55.37,23.89,16.54,3.36
Luderitz,12.0,77.0,-26.65,15.16,63.2,17.11
Zhangjiakou,0.0,60.0,40.77,114.88,-0.62,5.82
Botou,8.0,58.0,38.08,116.55,13.97,1.9
Khani,75.0,46.0,41.96,42.96,53.6,18.34
Ostrovnoy,88.0,92.0,68.05,39.51,28.55,17.22
Upernavik,0.0,100.0,72.79,-56.15,1.68,6.82
Airai,36.0,93.0,-8.93,125.41,69.77,1.34
Faanui,68.0,100.0,-16.48,-151.75,82.5,12.64
Araguaina,24.0,90.0,-7.19,-48.21,83.99,4.81
Tessalit,36.0,18.0,20.2,1.01,66.62,3.91
Komsomolskiy,48.0,80.0,67.55,63.78,3.48,14.43
Kalat,0.0,45.0,29.03,66.58,21.75,1.57
Huarmey,0.0,63.0,-10.07,-78.15,77.6,3.91
Lexington-Fayette,1.0,71.0,38.05,-84.46,50.58,4.03
Ust-Karsk,24.0,40.0,52.71,118.82,-27.39,2.91
Tilichiki,68.0,86.0,60.47,166.1,28.32,13.76
Moranbah,0.0,81.0,-22.0,148.04,70.35,8.39
Smithers,90.0,100.0,54.78,-127.17,23.0,3.36
Sri Aman,80.0,94.0,1.24,111.46,77.0,2.24
Erenhot,0.0,65.0,43.65,111.97,-6.06,9.17
Kaitong,32.0,53.0,44.81,123.15,-4.26,4.36
Severnyy-Kospashskiy,88.0,88.0,59.09,57.8,15.5,7.61
Heide,75.0,93.0,54.19,9.09,42.8,10.29
Antofagasta,40.0,68.0,-23.65,-70.4,71.6,12.75
Bredasdorp,0.0,56.0,-34.53,20.04,73.4,12.75
Cabo San Lucas,90.0,78.0,22.89,-109.91,69.66,5.82
Russell,68.0,65.0,-33.01,-68.8,70.85,4.7
Piacabucu,48.0,59.0,-10.41,-36.43,86.46,13.2
Kinango,40.0,78.0,-4.13,39.32,82.4,10.29
Dakoro,36.0,25.0,14.51,6.76,70.67,12.75
Kulhudhuffushi,0.0,100.0,6.62,73.07,80.16,7.72
Port Blair,92.0,100.0,11.67,92.75,81.02,27.85
Kapuskasing,75.0,77.0,49.42,-82.43,1.4,5.82
Barra do Corda,88.0,63.0,-5.5,-45.25,87.54,4.59
Rio Gallegos,40.0,32.0,-51.62,-69.22,51.8,25.28
Guerrero Negro,12.0,92.0,27.97,-114.04,58.92,5.37
Longyearbyen,75.0,79.0,78.22,15.63,21.2,56.37
Malanje,68.0,76.0,-9.54,16.35,74.09,7.16
Neon Karlovasion,75.0,70.0,37.79,26.7,42.33,4.7
Siukh,88.0,100.0,43.41,46.6,35.43,2.13
Challapata,0.0,45.0,-18.9,-66.78,58.52,9.95
Port Lincoln,80.0,100.0,-34.72,135.86,61.89,9.73
Evans,1.0,53.0,40.38,-104.69,45.52,4.7
Bubaque,20.0,82.0,11.28,-15.83,84.75,2.91
Kununurra,40.0,78.0,-15.77,128.74,82.4,4.7
Zhezkazgan,88.0,87.0,47.8,67.71,14.46,9.28
Mao,40.0,58.0,19.55,-71.08,85.12,18.34
Boa Vista,40.0,43.0,2.82,-60.67,89.6,14.99
Tamale,8.0,21.0,9.4,-0.84,88.35,5.7
Parana,40.0,62.0,-7.52,-72.89,89.6,6.93
Tanda,56.0,96.0,31.67,75.63,44.84,6.15
Shache,80.0,85.0,38.42,77.24,19.14,2.91
Manta,64.0,81.0,45.1,24.1,15.54,1.68
Provideniya,68.0,100.0,64.42,-173.23,6.95,27.51
Narsaq,88.0,90.0,60.91,-46.05,17.84,3.58
Bokovskaya,92.0,92.0,49.23,41.83,21.12,10.51
Lincoln,75.0,93.0,53.23,-0.54,48.18,3.36
Khandyga,36.0,0.0,62.65,135.58,-42.29,2.35
Lata,56.0,100.0,30.78,78.62,29.04,1.57
Chatrapur,0.0,100.0,19.35,84.98,74.67,8.16
Buala,48.0,99.0,-8.15,159.59,80.07,8.72
Lodwar,100.0,38.0,3.12,35.6,78.0,4.59
Segou,0.0,32.0,12.41,-12.29,93.2,6.93
Anadyr,20.0,61.0,64.73,177.51,14.0,38.03
Oktyabrskiy,75.0,78.0,55.61,37.97,16.12,6.71
Kargil,64.0,85.0,34.56,76.13,-7.5,0.89
Yate,90.0,93.0,51.54,-2.41,45.81,3.36
Klyuchi,0.0,70.0,52.25,79.17,-1.56,11.97
Naze,8.0,45.0,5.43,7.07,86.0,3.36
Morant Bay,20.0,45.0,17.88,-76.41,86.0,4.7
Padang,20.0,94.0,-0.92,100.36,78.8,5.82
Mehamn,75.0,93.0,71.03,27.85,41.74,26.4
Grindavik,75.0,93.0,63.84,-22.43,41.0,19.46
Khasan,12.0,100.0,42.43,130.64,7.35,4.25
Geraldton,20.0,71.0,49.72,-86.95,3.2,2.24
Atbasar,92.0,84.0,51.81,68.36,12.39,10.63
Altamira,75.0,70.0,-3.2,-52.21,87.8,5.82
Rairangpur,0.0,79.0,22.27,86.18,47.72,1.12
Sturgeon Bay,20.0,63.0,44.83,-87.38,29.95,8.05
Udachnyy,32.0,54.0,66.42,112.4,-11.46,4.7
Vanavara,24.0,64.0,60.35,102.28,-8.58,7.72
Tuatapere,44.0,100.0,-46.13,167.69,55.05,12.86
Richards Bay,88.0,80.0,-28.77,32.06,72.47,9.4
Maragogi,76.0,77.0,-9.01,-35.22,82.41,10.96
Berlevag,75.0,93.0,70.86,29.09,42.8,26.4
Saint George,40.0,74.0,39.45,22.34,32.23,4.7
Saldanha,0.0,85.0,41.42,-6.55,34.62,3.13
Phon,8.0,60.0,15.81,102.61,79.94,8.84
Cangucu,75.0,66.0,-31.39,-52.68,89.6,16.11
Borovichi,76.0,84.0,58.39,33.91,14.46,6.38
Zhanakorgan,20.0,60.0,43.91,67.25,21.93,4.47
Mweka,20.0,83.0,-4.85,21.56,77.15,3.13
Djibo,64.0,21.0,14.1,-1.63,77.46,9.28
Omboue,92.0,100.0,-1.57,9.26,79.22,5.82
Verkhnyaya Inta,80.0,65.0,65.99,60.32,2.72,9.17
Penaflor,40.0,50.0,-33.62,-70.92,73.31,13.87
Malangwa,56.0,88.0,-2.84,17.57,76.92,2.68
Predejane,90.0,92.0,42.83,22.13,30.2,3.36
Filadelfia,80.0,55.0,-22.35,-60.04,93.75,19.24
Ciuperceni,0.0,74.0,44.94,23.01,18.69,4.59
Kiama,90.0,93.0,-34.67,150.86,62.6,4.7
Birjand,40.0,30.0,32.86,59.22,42.8,13.87
Waingapu,12.0,99.0,-9.65,120.26,70.98,3.69
Alugan,92.0,93.0,12.22,125.48,77.15,12.64
Takapau,88.0,77.0,-40.02,176.35,64.23,12.75
Besikduzu,75.0,81.0,41.05,39.23,50.0,5.82
Zhangye,68.0,73.0,38.94,100.46,6.14,2.35
Coihaique,75.0,46.0,-45.58,-72.07,54.59,9.17
Sobolevo,44.0,85.0,54.43,31.9,15.45,6.6
Saurimo,0.0,54.0,-9.66,20.4,82.4,4.7
Aksu,0.0,83.0,52.04,76.93,-4.01,11.18
Paamiut,80.0,93.0,61.99,-49.67,33.45,22.15
Mandiana,12.0,18.0,10.62,-8.7,85.47,6.04
Sioux Lookout,90.0,72.0,50.1,-91.92,11.23,12.75
Cherskiy,12.0,0.0,68.75,161.3,-36.03,2.13
Kirakira,76.0,100.0,-10.46,161.92,81.06,13.42
Ous,80.0,81.0,60.91,61.52,8.12,2.68
Lasa,75.0,62.0,34.92,32.53,52.59,32.21
Clyde River,75.0,83.0,70.47,-68.59,-9.41,14.99
Mogok,0.0,90.0,22.92,96.51,50.73,1.45
Sisimiut,36.0,100.0,66.94,-53.67,-6.69,1.79
Huitziltepec,0.0,42.0,17.76,-99.48,81.02,1.9
Nemuro,36.0,100.0,43.32,145.57,25.8,21.03
Vila do Maio,0.0,34.0,15.13,-23.22,82.4,17.22
Chernyshevskiy,44.0,61.0,63.01,112.47,-3.18,10.4
Beira,0.0,50.0,43.2,-8.36,52.75,2.24
Esperance,40.0,58.0,10.24,-61.45,86.0,13.87
Saint Stephen,90.0,100.0,45.7,-94.27,25.95,8.05
Roebourne,0.0,57.0,-20.77,117.15,81.78,8.39
Isangel,92.0,100.0,-19.55,169.27,77.42,19.69
College,0.0,68.0,64.86,-147.8,-36.01,2.68
Gorontalo,12.0,96.0,0.54,123.06,72.06,2.13
Riyadh,0.0,30.0,24.63,46.72,68.0,4.7
Alta Floresta,20.0,70.0,-9.87,-56.08,87.8,3.36
Hoi An,75.0,94.0,15.88,108.33,73.4,7.38
Mayumba,92.0,100.0,-3.44,10.65,77.73,3.91
Ellisras,76.0,77.0,-23.67,27.74,74.09,8.05
Husavik,76.0,89.0,50.56,-96.99,11.27,13.98
Causapscal,80.0,87.0,48.35,-67.23,26.52,7.16
Ulladulla,90.0,93.0,-35.36,150.48,62.6,4.7
Tura,0.0,79.0,25.52,90.21,49.52,3.13
Talence,90.0,69.0,44.81,-0.59,38.21,5.82
La Tuque,64.0,54.0,47.44,-72.79,14.64,11.74
Ancud,75.0,45.0,-41.87,-73.83,62.6,9.17
Kirovskiy,0.0,60.0,45.09,133.51,-12.9,2.24
Sabang,88.0,85.0,13.72,123.58,77.15,13.42
Harer,90.0,92.0,42.19,-111.17,30.2,4.7
Acapulco,5.0,58.0,16.86,-99.88,86.0,2.24
Constitucion,90.0,36.0,23.99,-104.67,62.6,8.05
Joensuu,90.0,92.0,62.6,29.76,21.2,4.7
Lompoc,40.0,96.0,34.64,-120.46,46.89,6.93
Ayagoz,0.0,57.0,47.96,80.43,-13.08,4.25
Qaqortoq,88.0,93.0,60.72,-46.03,31.47,18.34
Yumen,68.0,68.0,40.29,97.04,6.32,2.68
Kloulklubed,75.0,83.0,7.04,134.26,78.8,5.82
Balkhash,36.0,85.0,46.84,74.98,13.65,12.19
Faya,40.0,67.0,18.39,42.45,63.55,6.93
Te Anau,92.0,93.0,-45.41,167.72,48.93,3.36
Chinchani,0.0,77.0,16.42,74.53,61.85,6.49
Codrington,92.0,94.0,-28.95,153.24,69.21,3.24
Kavieng,64.0,98.0,-2.57,150.8,84.66,13.76
Dzidzantun,36.0,60.0,21.25,-89.05,81.6,5.48
Wattegama,32.0,88.0,7.35,80.68,64.77,4.47
Sabzevar,24.0,67.0,36.21,57.68,35.84,5.03
Pitimbu,40.0,55.0,-7.47,-34.81,86.0,16.11
Maba,100.0,98.0,24.68,113.59,50.19,2.35
Visby,90.0,100.0,57.64,18.3,32.0,9.17
Maceio,75.0,58.0,-9.67,-35.74,84.2,10.29
Lotofaga,80.0,100.0,-13.98,-171.86,82.37,23.04
Jardim,36.0,72.0,-21.48,-56.15,88.44,12.75
Elat,24.0,83.0,2.91,11.16,74.76,3.24
Naantali,92.0,96.0,60.45,22.03,32.0,5.82
Tenenkou,64.0,24.0,14.46,-4.91,78.99,6.82
Isabela,0.0,91.0,10.2,122.99,69.9,4.7
Okhotsk,36.0,100.0,59.36,143.24,-21.59,9.95
Sangar,64.0,41.0,63.92,127.47,-26.72,6.26
Aras,0.0,40.0,14.28,44.38,40.47,2.13
Tarn Taran,0.0,87.0,31.46,74.93,47.37,4.7
Zaysan,0.0,47.0,47.47,84.87,-9.75,2.46
Ciudad Bolivar,8.0,42.0,8.12,-63.55,91.41,12.41
Kerema,56.0,97.0,-7.96,145.78,70.49,2.13
Toamasina,40.0,83.0,-18.17,49.38,84.2,5.82
Oktyabrskoye,40.0,85.0,56.73,85.44,14.0,17.9
Guane,0.0,71.0,22.2,-84.09,77.91,4.81
Takaka,8.0,91.0,-40.86,172.81,65.9,8.72
Iqaluit,90.0,75.0,63.75,-68.52,-16.61,4.7
Pevek,12.0,100.0,69.7,170.27,-26.09,4.92
Natal,75.0,88.0,-5.81,-35.21,78.8,17.22
Okha,0.0,71.0,53.59,142.95,1.19,15.77
Fontem,68.0,40.0,5.49,9.85,76.29,1.9
Whitecourt,90.0,92.0,54.14,-115.68,23.0,3.36
Arecibo,1.0,74.0,18.47,-66.72,82.24,13.87
Buchanan,75.0,66.0,5.88,-10.05,86.0,5.14
Pala,0.0,83.0,9.71,76.68,73.4,4.7
Mahabaleshwar,0.0,80.0,17.92,73.66,54.06,2.24
Phalaborwa,92.0,73.0,-23.95,31.14,77.0,9.17
Krasnoufimsk,76.0,74.0,56.6,57.77,18.33,7.61
Sisian,40.0,80.0,39.53,46.03,35.6,6.93
Moundsville,20.0,59.0,39.92,-80.74,41.52,3.36
Kendari,20.0,84.0,-3.99,122.52,75.75,2.91
Ponta Delgada,75.0,88.0,37.73,-25.67,64.4,21.92
Sohag,0.0,40.0,26.55,31.7,53.6,9.17
Constantine,40.0,61.0,36.36,6.61,48.2,25.28
Shannon,75.0,87.0,52.71,-8.88,50.0,5.82
Nsanje,88.0,98.0,-16.92,35.26,72.92,3.47
Evensk,12.0,100.0,61.92,159.24,11.22,25.39
Broome,75.0,93.0,52.47,1.45,44.69,3.36
Gravdal,75.0,87.0,59.79,5.78,41.59,20.8
Aksarka,80.0,74.0,66.56,67.8,0.2,14.99
Severo-Kurilsk,12.0,100.0,50.68,156.12,23.37,21.03
Kavaratti,0.0,100.0,10.57,72.64,81.06,4.59
Shieli,20.0,71.0,44.18,66.74,6.72,2.91
Hyderabad,0.0,82.0,17.36,78.47,68.92,3.36
Gien,92.0,95.0,47.69,2.63,33.05,4.36
Namatanai,68.0,100.0,-3.66,152.44,82.32,15.21
Yeysk,92.0,94.0,46.71,38.27,31.07,22.82
Warrenton,0.0,25.0,-28.11,24.85,79.71,5.59
Taltal,0.0,56.0,-25.41,-70.49,72.02,4.36
Huron,75.0,81.0,44.36,-98.21,34.61,13.87
Juliaca,0.0,29.0,-15.49,-70.13,60.8,5.82
The Pas,90.0,85.0,53.82,-101.24,12.2,23.04
Vestmannaeyjar,75.0,93.0,63.44,-20.27,41.0,13.87
Colesberg,0.0,20.0,-30.72,25.1,77.19,10.4
Poum,20.0,58.0,41.28,20.71,26.6,4.7
Coquimbo,20.0,49.0,-29.95,-71.34,71.6,16.11
Atikokan,32.0,62.0,48.76,-91.62,15.72,6.6
Belmonte,0.0,54.0,40.36,-7.35,39.17,7.05
Fortuna,0.0,33.0,38.18,-1.13,55.98,2.8
Spasskoye,68.0,88.0,55.86,45.7,13.25,6.6
Ixtapa,75.0,61.0,20.71,-105.21,78.8,2.24
Carutapera,68.0,86.0,-1.2,-46.02,82.14,7.49
Ribas do Rio Pardo,32.0,79.0,-20.45,-53.76,85.52,7.61
Pangai,90.0,94.0,-19.8,-174.35,77.0,17.22
Hudson Bay,88.0,84.0,52.86,-102.4,21.93,9.4
Ternate,75.0,78.0,14.29,120.72,77.0,4.7
Madisonville,1.0,65.0,37.33,-87.5,51.58,4.7
Goderich,0.0,77.0,43.74,-81.71,31.11,18.68
Tagab,0.0,54.0,34.85,69.65,-4.49,1.57
Cayenne,75.0,74.0,4.94,-52.33,84.2,14.99
Tarakan,40.0,88.0,3.3,117.63,78.8,2.68
Inhambane,75.0,88.0,-23.87,35.38,78.8,4.7
Srednekolymsk,44.0,49.0,67.46,153.71,-29.96,4.14
Victor Harbor,20.0,72.0,-35.55,138.62,60.8,6.93
Leningradskiy,0.0,93.0,69.38,178.42,-15.33,1.79
Kenai,90.0,86.0,60.55,-151.26,-4.01,3.36
Havre-Saint-Pierre,90.0,74.0,50.23,-63.6,28.4,12.75
Talara,0.0,290.0,-4.58,-81.27,62.6,12.75
Jackville,44.0,70.0,5.21,-4.42,86.0,9.17
Nanga Eboko,0.0,40.0,4.68,12.37,82.41,6.15
Itoman,75.0,59.0,26.12,127.67,62.71,10.29
Los Llanos de Aridane,0.0,40.0,28.66,-17.92,69.8,3.36
Avera,1.0,47.0,33.19,-82.53,62.83,3.91
Bhadra,0.0,91.0,29.1,75.17,48.17,2.8
Hays,1.0,70.0,38.88,-99.33,44.06,16.11
Rayevskiy,0.0,75.0,54.07,54.94,11.72,8.16
Walvis Bay,0.0,68.0,-22.95,14.51,66.2,10.29
Whitefish,90.0,81.0,48.41,-114.33,35.96,6.93
Fairbanks,0.0,68.0,64.84,-147.72,-36.01,2.68
Sfantu Gheorghe,75.0,92.0,44.65,26.83,31.1,2.24
Vila,0.0,24.0,45.18,8.4,50.27,16.11
Caravelas,0.0,100.0,-17.73,-39.27,80.34,13.98
Namibe,0.0,100.0,-15.19,12.15,74.9,11.63
Khorostkiv,92.0,90.0,49.21,25.92,22.02,10.63
Ketchikan,1.0,52.0,55.34,-131.65,29.46,17.22
Kudahuvadhoo,92.0,100.0,2.67,72.89,82.37,10.18
Urdoma,56.0,80.0,61.74,48.55,3.89,6.26
Mitsamiouli,20.0,79.0,-11.38,43.28,84.2,2.24
Sechura,0.0,75.0,-5.56,-80.82,80.79,9.06
Ornskoldsvik,0.0,87.0,63.29,18.72,33.28,12.75
Batemans Bay,8.0,100.0,-35.71,150.18,58.56,2.35
Kaka,0.0,67.0,37.35,59.62,35.12,3.69
Vostok,0.0,27.0,46.45,135.83,-19.65,2.01
Siverek,75.0,93.0,37.75,39.32,41.0,24.16
Buraydah,40.0,82.0,26.33,43.97,68.0,2.24
Haines Junction,0.0,0.0,60.75,-137.51,-32.79,2.01
Leh,48.0,68.0,34.16,77.58,-15.56,0.78
Aswan,0.0,30.0,24.09,32.9,57.2,6.93
Aquiraz,75.0,66.0,-3.9,-38.39,86.0,16.11
Praya,8.0,100.0,-8.71,116.27,75.2,3.13
Birin,92.0,99.0,35.01,36.67,43.08,15.77
Moengo,68.0,78.0,5.62,-54.4,80.84,4.14
Gat,0.0,18.0,14.69,-16.54,91.29,4.47
Gazli,48.0,86.0,40.13,63.45,40.52,12.3
Ukiah,90.0,85.0,39.15,-123.21,46.04,10.29
Klaksvik,80.0,75.0,62.23,-6.59,41.0,9.17
Jeremie,20.0,82.0,18.65,-74.12,81.96,9.4
